Entity,Code,Year,Share - Question: mh7b_2 - Age range when first felt anxious/depressed - Answer: Ages <13 - Gender: all - Age_group: all,Share - Question: mh7b_2 - Age range when first felt anxious/depressed - Answer: Ages 13-19 - Gender: all - Age_group: all,Share - Question: mh7b_2 - Age range when first felt anxious/depressed - Answer: Ages 20-29 - Gender: all - Age_group: all,Share - Question: mh7b_2 - Age range when first felt anxious/depressed - Answer: Ages 30-39 - Gender: all - Age_group: all,Share - Question: mh7b_2 - Age range when first felt anxious/depressed - Answer: Ages ≥40 - Gender: all - Age_group: all,Share - Question: mh7b_2 - Age range when first felt anxious/depressed - Answer: Don't know/Refused - Gender: all - Age_group: all
Africa,,2020,1.2718359,14.229228,22.26465,16.80309,2.7064757,42.724724
Asia,,2020,7.7953706,9.628078,23.403633,12.663021,9.983976,36.525925
Europe,,2020,9.083381,22.210781,22.034777,7.6283197,24.53128,14.511458
High-income countries,,2020,2.473921,24.484507,10.832585,16.975899,16.11568,29.117413
Lower-middle-income countries,,2020,8.800553,8.485406,26.288944,8.428943,7.3487206,40.647434
Upper-middle-income countries,,2020,6.5811706,14.341692,16.935555,18.964176,18.10031,25.077103
World,OWID_WRL,2020,7.5053473,11.454613,22.213495,12.515957,11.407292,34.903294